[
  {
    "id": "280ad2ee-e2d8-44fb-b4bd-482e30991c25",
    "data": [
      {
        "text": "hii",
        "userDefined": false
      }
    ],
    "isTemplate": false,
    "count": 0,
    "updated": 0
  },
  {
    "id": "deb4ff63-68d2-4013-b12c-f1149f2d3039",
    "data": [
      {
        "text": "hiii",
        "userDefined": false
      }
    ],
    "isTemplate": false,
    "count": 0,
    "updated": 0
  },
  {
    "id": "33824378-6767-4126-a813-fad5e5175fe4",
    "data": [
      {
        "text": "hui",
        "meta": "@sys.ignore",
        "userDefined": false
      }
    ],
    "isTemplate": false,
    "count": 1,
    "updated": 0
  },
  {
    "id": "25421c50-0bc0-456c-bd77-62c718f3fe98",
    "data": [
      {
        "text": "hey",
        "userDefined": false
      }
    ],
    "isTemplate": false,
    "count": 0,
    "updated": 0
  },
  {
    "id": "a881579f-5931-4e4d-a7d4-26b3511bf74b",
    "data": [
      {
        "text": "hello",
        "userDefined": false
      }
    ],
    "isTemplate": false,
    "count": 0,
    "updated": 0
  },
  {
    "id": "e0443a8e-1368-4b78-ab69-9dd42cca92e1",
    "data": [
      {
        "text": "hi",
        "userDefined": false
      }
    ],
    "isTemplate": false,
    "count": 0,
    "updated": 0
  }
]