[
  {
    "id": "4135a4fd-4039-4c39-bbcc-2417d947a117",
    "data": [
      {
        "text": "pradnyp031gmail.com",
        "alias": "email",
        "meta": "@sys.email",
        "userDefined": false
      }
    ],
    "isTemplate": false,
    "count": 0,
    "updated": 1506507239
  },
  {
    "id": "0288ce00-6cd6-4040-b263-4458bf46f317",
    "data": [
      {
        "text": "abc@xyz.com",
        "alias": "email",
        "meta": "@sys.email",
        "userDefined": true
      }
    ],
    "isTemplate": false,
    "count": 0,
    "updated": 0
  }
]