[
  {
    "id": "d118796c-6bd5-43c4-a60a-739dfe73fd87",
    "data": [
      {
        "text": "FDI",
        "alias": "table",
        "meta": "@table",
        "userDefined": true
      },
      {
        "text": " for year ",
        "userDefined": false
      },
      {
        "text": "2010",
        "alias": "year",
        "meta": "@sys.number",
        "userDefined": true
      }
    ],
    "isTemplate": false,
    "count": 2,
    "updated": 0
  },
  {
    "id": "2da17a37-58ef-481c-91d4-521f8f34c234",
    "data": [
      {
        "text": "FDI",
        "alias": "table",
        "meta": "@table",
        "userDefined": false
      },
      {
        "text": " for year ",
        "userDefined": false
      },
      {
        "text": "2009",
        "alias": "year",
        "meta": "@sys.number",
        "userDefined": true
      }
    ],
    "isTemplate": false,
    "count": 0,
    "updated": 1506505011
  },
  {
    "id": "547c98a4-2c72-436d-b5ed-cf67140a0ea4",
    "data": [
      {
        "text": "FDI",
        "alias": "table",
        "meta": "@table",
        "userDefined": true
      }
    ],
    "isTemplate": false,
    "count": 0,
    "updated": 1506507456
  },
  {
    "id": "ed62806e-ca05-44c1-9b8a-0cc26d13feb3",
    "data": [
      {
        "text": "FDI",
        "alias": "table",
        "meta": "@table",
        "userDefined": false
      },
      {
        "text": " for ",
        "userDefined": false
      },
      {
        "text": "2009",
        "alias": "year",
        "meta": "@sys.number",
        "userDefined": true
      }
    ],
    "isTemplate": false,
    "count": 0,
    "updated": 1505884781
  },
  {
    "id": "a1c471b4-9bb1-49c6-a60d-caa2210d775a",
    "data": [
      {
        "text": "FDI",
        "alias": "table",
        "meta": "@table",
        "userDefined": true
      },
      {
        "text": " for ",
        "userDefined": false
      },
      {
        "text": "2010",
        "alias": "year",
        "meta": "@sys.number",
        "userDefined": true
      }
    ],
    "isTemplate": false,
    "count": 0,
    "updated": 1505822064
  }
]