[
  {
    "id": "7ce34e63-db7e-40c5-9968-32cdd8e19c7c",
    "data": [
      {
        "text": "GDP",
        "alias": "table",
        "meta": "@table",
        "userDefined": true
      },
      {
        "text": " of UAE for ",
        "userDefined": false
      },
      {
        "text": "2009",
        "alias": "year",
        "meta": "@sys.number",
        "userDefined": true
      }
    ],
    "isTemplate": false,
    "count": 0,
    "updated": 1507008065
  },
  {
    "id": "d7add18d-c971-4f18-9c1d-304925741307",
    "data": [
      {
        "text": "GDP",
        "alias": "table",
        "meta": "@table",
        "userDefined": false
      },
      {
        "text": " for year ",
        "userDefined": false
      },
      {
        "text": "2010",
        "alias": "year",
        "meta": "@sys.number",
        "userDefined": true
      }
    ],
    "isTemplate": false,
    "count": 1,
    "updated": 1506505647
  },
  {
    "id": "15bf5892-e384-41ca-9911-e44bd7e26217",
    "data": [
      {
        "text": "GDP",
        "alias": "table",
        "meta": "@table",
        "userDefined": true
      },
      {
        "text": " for ",
        "userDefined": false
      },
      {
        "text": "2009",
        "alias": "year",
        "meta": "@sys.number",
        "userDefined": true
      }
    ],
    "isTemplate": false,
    "count": 0,
    "updated": 1505898168
  },
  {
    "id": "702864bb-ca0c-45e4-9a47-11d5e969300f",
    "data": [
      {
        "text": "GDP",
        "alias": "table",
        "meta": "@table",
        "userDefined": true
      },
      {
        "text": " for ",
        "userDefined": false
      },
      {
        "text": "2010",
        "alias": "year",
        "meta": "@sys.number",
        "userDefined": true
      }
    ],
    "isTemplate": false,
    "count": 1,
    "updated": 1505884699
  },
  {
    "id": "7be5f041-b1e0-405e-a786-bfad559792c1",
    "data": [
      {
        "text": "GDP",
        "alias": "table",
        "meta": "@table",
        "userDefined": false
      },
      {
        "text": " for year ",
        "userDefined": false
      },
      {
        "text": "2009",
        "alias": "year",
        "meta": "@sys.number",
        "userDefined": true
      }
    ],
    "isTemplate": false,
    "count": 0,
    "updated": 1505884699
  },
  {
    "id": "de0381e2-8f28-49c5-a874-b4f2f53813d2",
    "data": [
      {
        "text": "GDP",
        "alias": "table",
        "meta": "@table",
        "userDefined": true
      },
      {
        "text": " of year ",
        "userDefined": false
      },
      {
        "text": "2010",
        "alias": "year",
        "meta": "@sys.number",
        "userDefined": true
      }
    ],
    "isTemplate": false,
    "count": 0,
    "updated": 0
  }
]