[
  {
    "id": "8b9dd2f2-9b0a-495a-838a-d76b57dff835",
    "data": [
      {
        "text": "I want to know about FDI",
        "userDefined": false
      }
    ],
    "isTemplate": false,
    "count": 0,
    "updated": 1506503365
  },
  {
    "id": "71f5b938-8789-48d7-94ec-c47d1fc91e98",
    "data": [
      {
        "text": "I want to know about GDP",
        "userDefined": false
      }
    ],
    "isTemplate": false,
    "count": 0,
    "updated": 1506503365
  },
  {
    "id": "a724d78f-3fa8-46a8-a32f-dd6198ccb286",
    "data": [
      {
        "text": "I need some info",
        "userDefined": false
      }
    ],
    "isTemplate": false,
    "count": 0,
    "updated": 0
  }
]