[
  {
    "value": "Agriculture, forestry and fishing",
    "synonyms": [
      "Agriculture, forestry and fishing",
      "Agriculture",
      "Forestry",
      "Fishing",
      "AGRICULTURE",
      "FORESTRY",
      "FISHING",
      "AGRICULTURE, FORESTRY and FISHING",
      "agri",
      "forest",
      "Agri",
      "AGRI",
      "FOREST",
      "Forest"
    ]
  },
  {
    "value": "Mining and quarrying",
    "synonyms": [
      "Mining and quarrying",
      "MINING AND QUARRYING",
      "MINING",
      "QUARRYING",
      "mining",
      "quarrying",
      "Mining",
      "Quarrying",
      "Mining and Quarrying"
    ]
  },
  {
    "value": "Manufacturing",
    "synonyms": [
      "Manufacturing",
      "MANUFACTURING",
      "manufacturing",
      "manufacture",
      "Manufacture",
      "MANUFACTURE"
    ]
  },
  {
    "value": "Electricity, gas, steam and air conditioning supply",
    "synonyms": [
      "Electricity, gas, steam and air conditioning supply",
      "electricity",
      "gas",
      "steam",
      "air conditioning",
      "ELECTRICITY",
      "GAS",
      "STEAM",
      "AIR CONDITIONING",
      "ELECTRICITY, GAS, STEAM AND AIR CONDITIONING"
    ]
  },
  {
    "value": "Construction",
    "synonyms": [
      "Construction",
      "CONSTRUCTION",
      "construction"
    ]
  },
  {
    "value": "Wholesale and retail trade; repair of motor vehicles and motorcycles",
    "synonyms": [
      "Wholesale and retail trade",
      "repair of motor vehicles and motorcycles",
      "WHOLESALE",
      "RETAIL",
      "MOTOR VEHICLES",
      "MOTORCYCLES",
      "WHOLESALE AND RETAIL TRADE, REPAIR OF MOTOR VEHICLES AND MOTORCYCLES",
      "wholesale",
      "retail",
      "wholesale trade",
      "retail trade",
      "repair of motor vehicles ane motorcycles",
      "REPAIR OF MOTOR VEHICLES AND MOTOR CYCLES"
    ]
  },
  {
    "value": "Accommodation and food service activities",
    "synonyms": [
      "Accommodation and food service activities",
      "ACCOMODATION",
      "FOOD SERVICES",
      "ACCOMODATION AND FOOD SERVICES ACTIVITIES",
      "accomodation",
      "food services",
      "accomodation activities",
      "food services activities",
      "Accomodation",
      "Food Services"
    ]
  },
  {
    "value": "Transportation and storage",
    "synonyms": [
      "Transportation and storage",
      "Transport",
      "Storage",
      "TRANSPORT AND STORAGE",
      "TRANSPORT",
      "STORAGE",
      "Transport and Storage"
    ]
  },
  {
    "value": "Information and communication",
    "synonyms": [
      "Information and communication",
      "INFORMATION AND COMMUNICATION",
      "INFORMATION",
      "COMMUNICATION",
      "Information and Communication",
      "information",
      "communication",
      "Information",
      "Communication"
    ]
  },
  {
    "value": "Financial intermediation",
    "synonyms": [
      "Financial intermediation",
      "FINANCISL INTERMEDIATION",
      "Financial Intermediation",
      "finance intermediation",
      "FINANCE INTERMEDIATION"
    ]
  },
  {
    "value": "Real estate, renting and business activities",
    "synonyms": [
      "Real estate, renting and business activities",
      "REAL ESTATE, RENTING AND BUSINESS ACTIVITIES",
      "REAL ESTATE",
      "RENTING",
      "BUSINESS ACTIVITIES",
      "real estate",
      "renting",
      "business activities",
      "Real Estate, Renting and Business Activities",
      "Real Estate",
      "Renting",
      "Business Activities"
    ]
  },
  {
    "value": "Professional, scientific and technical activities",
    "synonyms": [
      "Professional, scientific and technical activities",
      "PROFESSIONAL, SCIENTIFIC AND TECHNICAL ACTIVITIES",
      "PROFESSIONAL ACTIVITIES",
      "SCIENTIFIC ACTIVITIES",
      "TECHNICAL ACTIVITIES",
      "professional activities",
      "scientific activities",
      "technical activities",
      "Professional Activities",
      "Scientific Activities",
      "Technical Activities"
    ]
  },
  {
    "value": "Administrative and support service activities",
    "synonyms": [
      "Administrative and support service activities",
      "ADMINISTRATIVE AND SUPPORT SERVICE ACTIVITIES",
      "Administrative and Support Service Activities",
      "Administrative Activities",
      "Support Service Activities",
      "ADMINISTRATIVE ACTIVITIES",
      "SUPPORT SERVICE ACTIVITIES",
      "administrative and support service activities"
    ]
  },
  {
    "value": "Education",
    "synonyms": [
      "Education",
      "EDUCATION",
      "education"
    ]
  },
  {
    "value": "Human health and social work activities",
    "synonyms": [
      "Human health and social work activities",
      "Human Health and Social Work Activities",
      "HUMAN HEALTH AND SOCIAL WORK ACTIVITIES",
      "Human Health Activities",
      "Social Work Activities",
      "Health Activities",
      "Social Activities",
      "HUMAN HEATH ACTIVITIES",
      "SOCIAL WORK ACTIVITIES",
      "HEALTH ACTIVITIES",
      "SOCIAL ACTIVITIES",
      "human health activities",
      "social work activities"
    ]
  },
  {
    "value": "Other Services",
    "synonyms": [
      "Other Services",
      "other services",
      "OTHER SERVICES",
      "OTHER",
      "Other",
      "other"
    ]
  },
  {
    "value": "Total",
    "synonyms": [
      "Total",
      "TOTAL",
      "total",
      "TOTAL INVESTMENT",
      "Total Investment",
      "total investment"
    ]
  },
  {
    "value": "statistical",
    "synonyms": [
      "statistical"
    ]
  }
]